{
  "_checkout": "2025.08.13",
  "_output_dir": "/Users/jmdm/Documents/Code/1_projects/a_work/ariel",
  "_repo_dir": "/Users/jmdm/.cookiecutters/cookiecutter-uv-hypermodern-python",
  "_template": "gh:bosd/cookiecutter-uv-hypermodern-python",
  "author": "jmdm",
  "copyright_year": "2025",
  "development_status": "Development Status :: 2 - Pre-Alpha",
  "email": "jmdm.880@gmail.com",
  "friendly_name": "Ariel",
  "github_user": "Jacopo-DM",
  "license": "GPL-3.0",
  "package_name": "ariel",
  "project_name": "ariel",
  "version": "0.0.0"
}